{"cameraMode":{"drawMode":0,"name":"Shaded","section":"Shading Mode"},"sceneLighting":false,"audioPlay":false,"sceneViewState":{"m_AlwaysRefresh":false,"showFog":true,"showSkybox":false,"showFlares":true,"showImageEffects":true,"showParticleSystems":true,"showVisualEffectGraphs":true,"m_FxEnabled":true},"in2DMode":false,"pivot":{"x":-0.11330398917198181,"y":0.8794156908988953,"z":-0.0622938871383667},"rotation":{"x":-0.07033904641866684,"y":0.5243728160858154,"z":-0.043522462248802188,"w":-0.8474623560905457},"size":1.0192383527755738,"orthographic":false}